{"files":{"login-7d314ff6c65131843f4b8f4e063bd0bfd619c9a978cf18c891f0ea731fff0068.css":{"logical_path":"login.css","mtime":"2016-04-12T18:20:14+08:00","size":355253,"digest":"7d314ff6c65131843f4b8f4e063bd0bfd619c9a978cf18c891f0ea731fff0068","integrity":"sha256-fTFP9sZRMYQ/S49OBjvQv9YZyal4zxjIkfDqcx//AGg="},"adminlte-39135c4b4b0efce02b5c7f6a3f011da0e24b85a727f21c82d691c1111a924a4f.js":{"logical_path":"adminlte.js","mtime":"2016-04-13T17:12:34+08:00","size":131296,"digest":"39135c4b4b0efce02b5c7f6a3f011da0e24b85a727f21c82d691c1111a924a4f","integrity":"sha256-ORNcS0sO/OArXH9qPwEdoOJLhacn8hyC1pHBERqSSk8="},"select2-d6b5d8d83dbc18fb8d77c8761d331cd9e5123c9684950bab0406e98a24ac5ae8.png":{"logical_path":"select2.png","mtime":"2016-04-11T14:55:23+08:00","size":613,"digest":"d6b5d8d83dbc18fb8d77c8761d331cd9e5123c9684950bab0406e98a24ac5ae8","integrity":"sha256-1rXY2D28GPuNd8h2HTMc2eUSPJaElQurBAbpiiSsWug="},"select2-spinner-f6ecff617ec2ba7f559e6f535cad9b70a3f91120737535dab4d4548a6c83576c.gif":{"logical_path":"select2-spinner.gif","mtime":"2016-04-11T14:55:23+08:00","size":1849,"digest":"f6ecff617ec2ba7f559e6f535cad9b70a3f91120737535dab4d4548a6c83576c","integrity":"sha256-9uz/YX7Cun9Vnm9TXK2bcKP5ESBzdTXatNRUimyDV2w="},"select2x2-6fe28d687dc0ed4d96016238c608ba1e7198c9c9accfa0b360b78018b9fb9bc2.png":{"logical_path":"select2x2.png","mtime":"2016-04-11T14:55:23+08:00","size":845,"digest":"6fe28d687dc0ed4d96016238c608ba1e7198c9c9accfa0b360b78018b9fb9bc2","integrity":"sha256-b+KNaH3A7U2WAWI4xgi6HnGYycmsz6CzYLeAGLn7m8I="},"system/bg-08d55c50eba3c60d3be1106057d9ef177ac497f054ce36c6e59cb3c059129d74.jpg":{"logical_path":"system/bg.jpg","mtime":"2016-04-08T13:43:12+08:00","size":349396,"digest":"08d55c50eba3c60d3be1106057d9ef177ac497f054ce36c6e59cb3c059129d74","integrity":"sha256-CNVcUOujxg074RBgV9nvF3rEl/BUzjbG5ZyzwFkSnXQ="},"user2-160x160-d04d588859e24e73d7f0d2885e60567f21cea56157f92d4f46dc0105d5a23186.jpg":{"logical_path":"user2-160x160.jpg","mtime":"2016-04-08T13:43:12+08:00","size":8042,"digest":"d04d588859e24e73d7f0d2885e60567f21cea56157f92d4f46dc0105d5a23186","integrity":"sha256-0E1YiFniTnPX8NKIXmBWfyHOpWFX+S1PRtwBBdWiMYY="},"application-5a5fed8d20ecfc1b9febb128a07d105e22909d70fe018de2eaa638ef4b792651.js":{"logical_path":"application.js","mtime":"2016-04-11T14:58:06+08:00","size":917221,"digest":"5a5fed8d20ecfc1b9febb128a07d105e22909d70fe018de2eaa638ef4b792651","integrity":"sha256-Wl/tjSDs/Buf67EooH0QXiKQnXD+AY3i6qY470t5JlE="},"application-696271cebf7d1fc410df1cb20db47263a84cc1462720ee9eedef6de5bc8fbcb6.css":{"logical_path":"application.css","mtime":"2016-04-11T14:58:06+08:00","size":552657,"digest":"696271cebf7d1fc410df1cb20db47263a84cc1462720ee9eedef6de5bc8fbcb6","integrity":"sha256-aWJxzr99H8QQ3xyyDbRyY6hMwUYnIO6e7e9t5byPvLY="},"FontAwesome-bdc5d0b9f397be83e886c74b0141d1954aa4384b359dce49829994c4a2e1f7bf.otf":{"logical_path":"FontAwesome.otf","mtime":"2016-04-08T15:51:55+08:00","size":93888,"digest":"bdc5d0b9f397be83e886c74b0141d1954aa4384b359dce49829994c4a2e1f7bf","integrity":"sha256-vcXQufOXvoPohsdLAUHRlUqkOEs1nc5JgpmUxKLh978="},"fontawesome-webfont-cbb644d0ee730ea57dd5fbae35ef5ba4a41d57a254a6b1215de5c9ff8a321c2d.eot":{"logical_path":"fontawesome-webfont.eot","mtime":"2016-04-08T15:51:55+08:00","size":60767,"digest":"cbb644d0ee730ea57dd5fbae35ef5ba4a41d57a254a6b1215de5c9ff8a321c2d","integrity":"sha256-y7ZE0O5zDqV91fuuNe9bpKQdV6JUprEhXeXJ/4oyHC0="},"fontawesome-webfont-bfdef833219a6edffd9c3cbc28db72739d22bb4d20cc2e2f8d56a7a4d408a206.svg":{"logical_path":"fontawesome-webfont.svg","mtime":"2016-04-08T15:51:55+08:00","size":313398,"digest":"bfdef833219a6edffd9c3cbc28db72739d22bb4d20cc2e2f8d56a7a4d408a206","integrity":"sha256-v974MyGabt/9nDy8KNtyc50iu00gzC4vjVanpNQIogY="},"fontawesome-webfont-9e540a087924a6e64790149d735cac022640e4fa6bff6bd65f5e9f41529bf0b3.ttf":{"logical_path":"fontawesome-webfont.ttf","mtime":"2016-04-08T15:51:55+08:00","size":122092,"digest":"9e540a087924a6e64790149d735cac022640e4fa6bff6bd65f5e9f41529bf0b3","integrity":"sha256-nlQKCHkkpuZHkBSdc1ysAiZA5Ppr/2vWX16fQVKb8LM="},"fontawesome-webfont-e3870de89716b72cb61a4bba0e17c75783b361cdaba35ea96961c3070bd8ca18.woff":{"logical_path":"fontawesome-webfont.woff","mtime":"2016-04-08T15:51:55+08:00","size":71508,"digest":"e3870de89716b72cb61a4bba0e17c75783b361cdaba35ea96961c3070bd8ca18","integrity":"sha256-44cN6JcWtyy2Gku6DhfHV4OzYc2ro16paWHDBwvYyhg="},"fontawesome-webfont-aadc3580d2b64ff5a7e6f1425587db4e8b033efcbf8f5c332ca52a5ed580c87c.woff2":{"logical_path":"fontawesome-webfont.woff2","mtime":"2016-04-08T15:51:55+08:00","size":56780,"digest":"aadc3580d2b64ff5a7e6f1425587db4e8b033efcbf8f5c332ca52a5ed580c87c","integrity":"sha256-qtw1gNK2T/Wn5vFCVYfbTosDPvy/j1wzLKUqXtWAyHw="},"bootstrap/glyphicons-halflings-regular-13634da87d9e23f8c3ed9108ce1724d183a39ad072e73e1b3d8cbf646d2d0407.eot":{"logical_path":"bootstrap/glyphicons-halflings-regular.eot","mtime":"2016-04-08T15:51:55+08:00","size":20127,"digest":"13634da87d9e23f8c3ed9108ce1724d183a39ad072e73e1b3d8cbf646d2d0407","integrity":"sha256-E2NNqH2eI/jD7ZEIzhck0YOjmtBy5z4bPYy/ZG0tBAc="},"bootstrap/glyphicons-halflings-regular-42f60659d265c1a3c30f9fa42abcbb56bd4a53af4d83d316d6dd7a36903c43e5.svg":{"logical_path":"bootstrap/glyphicons-halflings-regular.svg","mtime":"2016-04-08T15:51:55+08:00","size":108738,"digest":"42f60659d265c1a3c30f9fa42abcbb56bd4a53af4d83d316d6dd7a36903c43e5","integrity":"sha256-QvYGWdJlwaPDD5+kKry7Vr1KU69Ng9MW1t16NpA8Q+U="},"bootstrap/glyphicons-halflings-regular-e395044093757d82afcb138957d06a1ea9361bdcf0b442d06a18a8051af57456.ttf":{"logical_path":"bootstrap/glyphicons-halflings-regular.ttf","mtime":"2016-04-08T15:51:55+08:00","size":45404,"digest":"e395044093757d82afcb138957d06a1ea9361bdcf0b442d06a18a8051af57456","integrity":"sha256-45UEQJN1fYKvyxOJV9BqHqk2G9zwtELQahioBRr1dFY="},"bootstrap/glyphicons-halflings-regular-a26394f7ede100ca118eff2eda08596275a9839b959c226e15439557a5a80742.woff":{"logical_path":"bootstrap/glyphicons-halflings-regular.woff","mtime":"2016-04-08T15:51:55+08:00","size":23424,"digest":"a26394f7ede100ca118eff2eda08596275a9839b959c226e15439557a5a80742","integrity":"sha256-omOU9+3hAMoRjv8u2ghZYnWpg5uVnCJuFUOVV6WoB0I="},"bootstrap/glyphicons-halflings-regular-fe185d11a49676890d47bb783312a0cda5a44c4039214094e7957b4c040ef11c.woff2":{"logical_path":"bootstrap/glyphicons-halflings-regular.woff2","mtime":"2016-04-08T15:51:55+08:00","size":18028,"digest":"fe185d11a49676890d47bb783312a0cda5a44c4039214094e7957b4c040ef11c","integrity":"sha256-/hhdEaSWdokNR7t4MxKgzaWkTEA5IUCU55V7TAQO8Rw="},"application-ecd85641e9023dafd4d6fc051ac02d0017731a0b6ceeff51ee87c06d04b3d24c.js":{"logical_path":"application.js","mtime":"2016-04-11T15:21:00+08:00","size":1003320,"digest":"ecd85641e9023dafd4d6fc051ac02d0017731a0b6ceeff51ee87c06d04b3d24c","integrity":"sha256-7NhWQekCPa/U1vwFGsAtABdzGgts7v9R7ofAbQSz0kw="},"application-a2af5ad95d9ab85f73ad3c5d51e95d253f79ee1cac19b1e72242cc953195172e.css":{"logical_path":"application.css","mtime":"2016-04-11T15:23:38+08:00","size":607631,"digest":"a2af5ad95d9ab85f73ad3c5d51e95d253f79ee1cac19b1e72242cc953195172e","integrity":"sha256-oq9a2V2auF9zrTxdUeldJT957hysGbHnIkLMlTGVFy4="},"jquery-ui/animated-overlay-c7bcc76fb23c0430b36ec448eb79f8bc34129dae95da10f3c14ed0eacdf2f1b9.gif":{"logical_path":"jquery-ui/animated-overlay.gif","mtime":"2016-04-11T15:21:00+08:00","size":1738,"digest":"c7bcc76fb23c0430b36ec448eb79f8bc34129dae95da10f3c14ed0eacdf2f1b9","integrity":"sha256-x7zHb7I8BDCzbsRI63n4vDQSna6V2hDzwU7Q6s3y8bk="},"jquery-ui/ui-bg_flat_0_aaaaaa_40x100-9a8492a580bf85d3e98ae8861fbd45567e5a1f83eeafcf9574da0399d5f602ab.png":{"logical_path":"jquery-ui/ui-bg_flat_0_aaaaaa_40x100.png","mtime":"2016-04-11T15:21:00+08:00","size":180,"digest":"9a8492a580bf85d3e98ae8861fbd45567e5a1f83eeafcf9574da0399d5f602ab","integrity":"sha256-moSSpYC/hdPpiuiGH71FVn5aH4Pur8+VdNoDmdX2Aqs="},"jquery-ui/ui-bg_flat_75_ffffff_40x100-39ab7ccd9f4e82579da78a9241265df288d8eb65dbbd7cf48aed2d0129887df5.png":{"logical_path":"jquery-ui/ui-bg_flat_75_ffffff_40x100.png","mtime":"2016-04-11T15:21:00+08:00","size":178,"digest":"39ab7ccd9f4e82579da78a9241265df288d8eb65dbbd7cf48aed2d0129887df5","integrity":"sha256-Oat8zZ9Ogledp4qSQSZd8ojY62XbvXz0iu0tASmIffU="},"jquery-ui/ui-bg_glass_55_fbf9ee_1x400-691597e8a40a891ea94d3589976ecfc33e6145c49422443b00ac2b5a0022964c.png":{"logical_path":"jquery-ui/ui-bg_glass_55_fbf9ee_1x400.png","mtime":"2016-04-11T15:21:00+08:00","size":120,"digest":"691597e8a40a891ea94d3589976ecfc33e6145c49422443b00ac2b5a0022964c","integrity":"sha256-aRWX6KQKiR6pTTWJl27Pwz5hRcSUIkQ7AKwrWgAilkw="},"jquery-ui/ui-bg_glass_65_ffffff_1x400-f0e6cd91b837d5c5644d026e5ffeccd907953317cd5c0f689901733afda260b2.png":{"logical_path":"jquery-ui/ui-bg_glass_65_ffffff_1x400.png","mtime":"2016-04-11T15:21:00+08:00","size":105,"digest":"f0e6cd91b837d5c5644d026e5ffeccd907953317cd5c0f689901733afda260b2","integrity":"sha256-8ObNkbg31cVkTQJuX/7M2QeVMxfNXA9omQFzOv2iYLI="},"jquery-ui/ui-bg_glass_75_dadada_1x400-c108f5cbf2dd9ec07a26530695ddd95e1664597ce6c056ae44c162cc2e28cec4.png":{"logical_path":"jquery-ui/ui-bg_glass_75_dadada_1x400.png","mtime":"2016-04-11T15:21:00+08:00","size":111,"digest":"c108f5cbf2dd9ec07a26530695ddd95e1664597ce6c056ae44c162cc2e28cec4","integrity":"sha256-wQj1y/LdnsB6JlMGld3ZXhZkWXzmwFauRMFizC4ozsQ="},"jquery-ui/ui-bg_glass_75_e6e6e6_1x400-ddf5dd4e0ef2b185e8bb0af7b6e90ebe74a84384cb4700658e76e754c8bfe550.png":{"logical_path":"jquery-ui/ui-bg_glass_75_e6e6e6_1x400.png","mtime":"2016-04-11T15:21:00+08:00","size":110,"digest":"ddf5dd4e0ef2b185e8bb0af7b6e90ebe74a84384cb4700658e76e754c8bfe550","integrity":"sha256-3fXdTg7ysYXouwr3tukOvnSoQ4TLRwBljnbnVMi/5VA="},"jquery-ui/ui-bg_glass_95_fef1ec_1x400-f6f1c1bedf1a0f37cfef81d12f5f012869d1ee7c984775a569827a1784d34f5c.png":{"logical_path":"jquery-ui/ui-bg_glass_95_fef1ec_1x400.png","mtime":"2016-04-11T15:21:00+08:00","size":119,"digest":"f6f1c1bedf1a0f37cfef81d12f5f012869d1ee7c984775a569827a1784d34f5c","integrity":"sha256-9vHBvt8aDzfP74HRL18BKGnR7nyYR3WlaYJ6F4TTT1w="},"jquery-ui/ui-bg_highlight-soft_75_cccccc_1x100-54270656df079c4da5182629a080fc633b6f84b87985eb016d25a560e2c38d4a.png":{"logical_path":"jquery-ui/ui-bg_highlight-soft_75_cccccc_1x100.png","mtime":"2016-04-11T15:21:00+08:00","size":101,"digest":"54270656df079c4da5182629a080fc633b6f84b87985eb016d25a560e2c38d4a","integrity":"sha256-VCcGVt8HnE2lGCYpoID8YztvhLh5hesBbSWlYOLDjUo="},"jquery-ui/ui-icons_222222_256x240-57adb0d65f4e91dacfee975d9574422bee7486c8a182d60133728c672f2cdbbc.png":{"logical_path":"jquery-ui/ui-icons_222222_256x240.png","mtime":"2016-04-11T15:21:00+08:00","size":4369,"digest":"57adb0d65f4e91dacfee975d9574422bee7486c8a182d60133728c672f2cdbbc","integrity":"sha256-V62w1l9OkdrP7pddlXRCK+50hsihgtYBM3KMZy8s27w="},"jquery-ui/ui-icons_2e83ff_256x240-20f8c6667afc48aa433ee9eb6d8a0584bdbd6b4a4a9091ff1e6b3adb31e63bd9.png":{"logical_path":"jquery-ui/ui-icons_2e83ff_256x240.png","mtime":"2016-04-11T15:21:00+08:00","size":4369,"digest":"20f8c6667afc48aa433ee9eb6d8a0584bdbd6b4a4a9091ff1e6b3adb31e63bd9","integrity":"sha256-IPjGZnr8SKpDPunrbYoFhL29a0pKkJH/Hms62zHmO9k="},"jquery-ui/ui-icons_454545_256x240-07460e843c3e59aaadbb34231e699e856a2980753c7a47b66447da5d9f93fb7f.png":{"logical_path":"jquery-ui/ui-icons_454545_256x240.png","mtime":"2016-04-11T15:21:00+08:00","size":4369,"digest":"07460e843c3e59aaadbb34231e699e856a2980753c7a47b66447da5d9f93fb7f","integrity":"sha256-B0YOhDw+WaqtuzQjHmmehWopgHU8eke2ZEfaXZ+T+38="},"jquery-ui/ui-icons_888888_256x240-ea2e29625de3463465e93b002b065f5833e05b97f7a052b1c141e754d62e1a8b.png":{"logical_path":"jquery-ui/ui-icons_888888_256x240.png","mtime":"2016-04-11T15:21:00+08:00","size":4369,"digest":"ea2e29625de3463465e93b002b065f5833e05b97f7a052b1c141e754d62e1a8b","integrity":"sha256-6i4pYl3jRjRl6TsAKwZfWDPgW5f3oFKxwUHnVNYuGos="},"jquery-ui/ui-icons_cd0a0a_256x240-1e32c6dbf5d3fd342f27a78aa881550d6412aa207f48468724a6a15402b6041b.png":{"logical_path":"jquery-ui/ui-icons_cd0a0a_256x240.png","mtime":"2016-04-11T15:21:00+08:00","size":4369,"digest":"1e32c6dbf5d3fd342f27a78aa881550d6412aa207f48468724a6a15402b6041b","integrity":"sha256-HjLG2/XT/TQvJ6eKqIFVDWQSqiB/SEaHJKahVAK2BBs="},"application-efc99277fc2a378cb7a240f41cce55cd8ebb40f97bd144b515db63654e845aed.js":{"logical_path":"application.js","mtime":"2016-04-11T16:00:00+08:00","size":1003320,"digest":"efc99277fc2a378cb7a240f41cce55cd8ebb40f97bd144b515db63654e845aed","integrity":"sha256-78mSd/wqN4y3okD0HM5VzY67QPl70US1FdtjZU6EWu0="},"application-8ee8252e22b7642d196fa2aef01205d3a33c42d9571c14467fb7fbc8f820e4ce.js":{"logical_path":"application.js","mtime":"2016-04-11T16:03:22+08:00","size":1003379,"digest":"8ee8252e22b7642d196fa2aef01205d3a33c42d9571c14467fb7fbc8f820e4ce","integrity":"sha256-juglLiK3ZC0Zb6Ku8BIF06M8QtlXHBRGf7f7yPgg5M4="},"application-f9fb593c698a3233f679df5516abb4df32d81ea8af008423957e2aa787f61be7.js":{"logical_path":"application.js","mtime":"2016-04-11T16:07:03+08:00","size":1003376,"digest":"f9fb593c698a3233f679df5516abb4df32d81ea8af008423957e2aa787f61be7","integrity":"sha256-+ftZPGmKMjP2ed9VFqu03zLYHqivAIQjlX4qp4f2G+c="},"application-0bf4bbdb7f046745ab91a1d66d53d154e9538f657d4676349908c2d1bd06983f.js":{"logical_path":"application.js","mtime":"2016-04-11T16:51:37+08:00","size":1003341,"digest":"0bf4bbdb7f046745ab91a1d66d53d154e9538f657d4676349908c2d1bd06983f","integrity":"sha256-C/S7238EZ0WrkaHWbVPRVOlTj2V9RnY0mQjC0b0GmD8="},"bootstrap_custom-281b107613d2cfa5c11736e0856f33e146d0b5667c872a90e11f48ece2147c24.css":{"logical_path":"bootstrap_custom.css","mtime":"2016-04-08T15:51:55+08:00","size":344526,"digest":"281b107613d2cfa5c11736e0856f33e146d0b5667c872a90e11f48ece2147c24","integrity":"sha256-KBsQdhPSz6XBFzbghW8z4UbQtWZ8hyqQ4R9I7OIUfCQ="},"bootstrap-6c92f650931beefe48977f272b7015d6b9b45da8b09831ebf88e05193c12d355.js":{"logical_path":"bootstrap.js","mtime":"2016-04-08T15:51:55+08:00","size":68891,"digest":"6c92f650931beefe48977f272b7015d6b9b45da8b09831ebf88e05193c12d355","integrity":"sha256-bJL2UJMb7v5Il38nK3AV1rm0XaiwmDHr+I4FGTwS01U="},"bootstrap-combobox-1b680d79f37e2424a578940005071c1863195a3d53bd3ee3c9767b21ad05cdf2.css":{"logical_path":"bootstrap-combobox.css","mtime":"2016-04-05T20:01:34+08:00","size":1024,"digest":"1b680d79f37e2424a578940005071c1863195a3d53bd3ee3c9767b21ad05cdf2","integrity":"sha256-G2gNefN+JCSleJQABQccGGMZWj1TvT7jyXZ7Ia0FzfI="},"bootstrap-combobox-8678f0ec336d0e457d88a6488373f6f2337f3db8696e62bc8366d872bc1967be.js":{"logical_path":"bootstrap-combobox.js","mtime":"2016-04-05T20:01:34+08:00","size":12540,"digest":"8678f0ec336d0e457d88a6488373f6f2337f3db8696e62bc8366d872bc1967be","integrity":"sha256-hnjw7DNtDkV9iKZIg3P28jN/PbhpbmK8g2bYcrwZZ74="},"jquery_pin-b1e2a4270a4ffe85c7b9e795a564c8c1d3d51a9b1ddf9e930a291ddb19ebbdde.js":{"logical_path":"jquery_pin.js","mtime":"2016-04-05T20:01:34+08:00","size":4264,"digest":"b1e2a4270a4ffe85c7b9e795a564c8c1d3d51a9b1ddf9e930a291ddb19ebbdde","integrity":"sha256-seKkJwpP/oXHueeVpWTIwdPVGpsd356TCikd2xnrvd4="},"bootstrap-sortable-ee84c4dc281103d266980c54b20b837a216a52edf5c1ef380e56bd850a0d1b6f.css":{"logical_path":"bootstrap-sortable.css","mtime":"2016-04-05T20:01:34+08:00","size":1577,"digest":"ee84c4dc281103d266980c54b20b837a216a52edf5c1ef380e56bd850a0d1b6f","integrity":"sha256-7oTE3CgRA9JmmAxUsguDeiFqUu31we84Dla9hQoNG28="},"bootstrap-sortable-6b399d2346af5dc77e5da8f9216ba65f26c2caff1f07f86947fb741c5f8fafcb.js":{"logical_path":"bootstrap-sortable.js","mtime":"2016-04-05T20:01:34+08:00","size":9186,"digest":"6b399d2346af5dc77e5da8f9216ba65f26c2caff1f07f86947fb741c5f8fafcb","integrity":"sha256-azmdI0avXcd+Xaj5IWumXybCyv8fB/hpR/t0HF+Pr8s="},"bootstrap-table-daa87fc87e79ad1052da0ec9edd8fcf658e026e3b9212b27eb0cfbd0ba77091f.css":{"logical_path":"bootstrap-table.css","mtime":"2016-04-05T20:01:34+08:00","size":6541,"digest":"daa87fc87e79ad1052da0ec9edd8fcf658e026e3b9212b27eb0cfbd0ba77091f","integrity":"sha256-2qh/yH55rRBS2g7J7dj89ljgJuO5ISsn6wz70Lp3CR8="},"bootstrap-table-a7669d4da7c5ad66643affe11b3898bb160b75d83767d0dcbf5a6fccd7e35c2e.js":{"logical_path":"bootstrap-table.js","mtime":"2016-04-05T20:01:34+08:00","size":89184,"digest":"a7669d4da7c5ad66643affe11b3898bb160b75d83767d0dcbf5a6fccd7e35c2e","integrity":"sha256-p2adTafFrWZkOv/hGziYuxYLddg3Z9Dcv1pvzNfjXC4="},"bootstrap-table-export-7012740e74fec0fe16fd6cf779932195deb0e8b51d3ccb2fb1d7b9847b517efb.js":{"logical_path":"bootstrap-table-export.js","mtime":"2016-04-05T20:01:34+08:00","size":3858,"digest":"7012740e74fec0fe16fd6cf779932195deb0e8b51d3ccb2fb1d7b9847b517efb","integrity":"sha256-cBJ0DnT+wP4W/Wz3eZMhld6w6LUdPMsvsde5hHtRfvs="},"tableExport-9d9e8b9dc05079a262179fe0127fd64a54bc9b24a10a9c7c5917060c7bda0839.js":{"logical_path":"tableExport.js","mtime":"2016-04-05T20:01:34+08:00","size":10886,"digest":"9d9e8b9dc05079a262179fe0127fd64a54bc9b24a10a9c7c5917060c7bda0839","integrity":"sha256-nZ6LncBQeaJiF5/gEn/WSlS8myShCpx8WRcGDHvaCDk="},"jquery-base64-408ee1b31a22bcba49fef8b1ff07aeb4adcad0f6259409104c69ae155a910339.js":{"logical_path":"jquery-base64.js","mtime":"2016-04-05T20:01:34+08:00","size":1867,"digest":"408ee1b31a22bcba49fef8b1ff07aeb4adcad0f6259409104c69ae155a910339","integrity":"sha256-QI7hsxoivLpJ/vix/weutK3K0PYllAkQTGmuFVqRAzk="},"bootstrap-table-zh-CN-314cd9f87706df16874c75085fa6c4000fe287018e01731255ab414b8d3c0786.js":{"logical_path":"bootstrap-table-zh-CN.js","mtime":"2016-04-05T20:01:34+08:00","size":1231,"digest":"314cd9f87706df16874c75085fa6c4000fe287018e01731255ab414b8d3c0786","integrity":"sha256-MUzZ+HcG3xaHTHUIX6bEAA/ihwGOAXMSVatBS408B4Y="},"ladda-themeless-ed285c28db48c44b5223ba6cac3cc6b7cc4c2b54391f7d10279437d6e7f47646.css":{"logical_path":"ladda-themeless.css","mtime":"2016-04-05T20:01:34+08:00","size":9885,"digest":"ed285c28db48c44b5223ba6cac3cc6b7cc4c2b54391f7d10279437d6e7f47646","integrity":"sha256-7ShcKNtIxEtSI7psrDzGt8xMK1Q5H30QJ5Q31uf0dkY="},"spin-2343f8d6a442d9741712184888fcb7a07e483fc75aa06c697ebe1c4835e44aad.js":{"logical_path":"spin.js","mtime":"2016-04-05T20:01:34+08:00","size":8619,"digest":"2343f8d6a442d9741712184888fcb7a07e483fc75aa06c697ebe1c4835e44aad","integrity":"sha256-I0P41qRC2XQXEhhIiPy3oH5IP8daoGxpfr4cSDXkSq0="},"ladda-ebefae69aee9b6c844fc33f2bf34e66aa758825dc44907711e9d258b91d2d751.js":{"logical_path":"ladda.js","mtime":"2016-04-05T20:01:34+08:00","size":5776,"digest":"ebefae69aee9b6c844fc33f2bf34e66aa758825dc44907711e9d258b91d2d751","integrity":"sha256-6++uaa7ptshE/DPyvzTmaqdYgl3ESQdxHp0li5HS11E="},"application-47d1440347fff164aec67754520f5568a67be31fcfbd86bdc52d16c48126bd14.js":{"logical_path":"application.js","mtime":"2016-04-11T16:46:19+08:00","size":1003338,"digest":"47d1440347fff164aec67754520f5568a67be31fcfbd86bdc52d16c48126bd14","integrity":"sha256-R9FEA0f/8WSuxndUUg9VaKZ74x/PvYa9xS0WxIEmvRQ="},"application-7397109bd4f818cfb1fb8836b57a88c428756b75bb3e23dfe0621c9c138d47e4.js":{"logical_path":"application.js","mtime":"2016-04-12T11:42:17+08:00","size":2306410,"digest":"7397109bd4f818cfb1fb8836b57a88c428756b75bb3e23dfe0621c9c138d47e4","integrity":"sha256-c5cQm9T4GM+x+4g2tXqIxCh1a3W7PiPf4GIcnBONR+Q="},"application-06432ee4219459ef9bd394d4a92dada801c03416d584f64dc8829005625c5818.css":{"logical_path":"application.css","mtime":"2016-04-12T11:29:05+08:00","size":624097,"digest":"06432ee4219459ef9bd394d4a92dada801c03416d584f64dc8829005625c5818","integrity":"sha256-BkMu5CGUWe+b05TUqS2tqAHANBbVhPZNyIKQBWJcWBg="},"application-0e3f48951940c14dd6dc3c4003d242bf3ad9d6656f8755bc9f60744c6ac84343.js":{"logical_path":"application.js","mtime":"2016-04-12T11:49:35+08:00","size":789771,"digest":"0e3f48951940c14dd6dc3c4003d242bf3ad9d6656f8755bc9f60744c6ac84343","integrity":"sha256-Dj9IlRlAwU3W3DxAA9JCvzrZ1mVvh1W8n2B0TGrIQ0M="},"application-298daa0b8b253948e6b9adcd74a39a646fe95bd3c1c34fed772970392376a7da.js":{"logical_path":"application.js","mtime":"2016-04-12T11:55:47+08:00","size":2002065,"digest":"298daa0b8b253948e6b9adcd74a39a646fe95bd3c1c34fed772970392376a7da","integrity":"sha256-KY2qC4slOUjmua3NdKOaZG/pW9PBw0/tdylwOSN2p9o="},"app.min-44d381c8726e713873fcc2e1d6fad0b0d21362d7dce4678bcc075f2fa2c89d79.js":{"logical_path":"app.min.js","mtime":"2016-04-08T13:43:12+08:00","size":9220,"digest":"44d381c8726e713873fcc2e1d6fad0b0d21362d7dce4678bcc075f2fa2c89d79","integrity":"sha256-RNOByHJucThz/MLh1vrQsNITYtfc5GeLzAdfL6LInXk="},"jquery.dataTables.min-5a8a0eb12479d5050ffe24bdd24c4929a3393f070fcb3d767852ad040aa73723.js":{"logical_path":"jquery.dataTables.min.js","mtime":"2016-04-12T11:29:05+08:00","size":82487,"digest":"5a8a0eb12479d5050ffe24bdd24c4929a3393f070fcb3d767852ad040aa73723","integrity":"sha256-WooOsSR51QUP/iS90kxJKaM5PwcPyz12eFKtBAqnNyM="},"dataTables.fixedColumns.min-e20d08080c68ba077446d04879becddc7062c530e6b7bb6c2cd9b2462d2ccb7b.js":{"logical_path":"dataTables.fixedColumns.min.js","mtime":"2016-04-12T11:29:05+08:00","size":16278,"digest":"e20d08080c68ba077446d04879becddc7062c530e6b7bb6c2cd9b2462d2ccb7b","integrity":"sha256-4g0ICAxougd0RtBIeb7N3HBixTDmt7tsLNmyRi0sy3s="},"dataTables.buttons.min-384a67ccf887977cdfed5d969cddcd7bcc408704b52c50081eb276bc2a34404b.js":{"logical_path":"dataTables.buttons.min.js","mtime":"2016-04-12T11:29:05+08:00","size":16075,"digest":"384a67ccf887977cdfed5d969cddcd7bcc408704b52c50081eb276bc2a34404b","integrity":"sha256-OEpnzPiHl3zf7V2WnN3Ne8xAhwS1LFAIHrJ2vCo0QEs="},"buttons.flash.min-f87764bbdec7d0448362595e76756709816003582bfd2795f71a668f4121505a.js":{"logical_path":"buttons.flash.min.js","mtime":"2016-04-12T11:29:05+08:00","size":10658,"digest":"f87764bbdec7d0448362595e76756709816003582bfd2795f71a668f4121505a","integrity":"sha256-+Hdku97H0ESDYllednVnCYFgA1gr/SeV9xpmj0EhUFo="},"jszip.min-f8b9c5100d1d5b6a84317f6f0848fcedbc9dccb44074e7a080c9c76082403bc0.js":{"logical_path":"jszip.min.js","mtime":"2016-04-12T11:29:05+08:00","size":76987,"digest":"f8b9c5100d1d5b6a84317f6f0848fcedbc9dccb44074e7a080c9c76082403bc0","integrity":"sha256-+LnFEA0dW2qEMX9vCEj87bydzLRAdOeggMnHYIJAO8A="},"pdfmake.min-0316a8044ce6c982756b9ca50a13b4bfce8c9b51da4c64d7686165cade6cbf81.js":{"logical_path":"pdfmake.min.js","mtime":"2016-04-12T11:29:05+08:00","size":419939,"digest":"0316a8044ce6c982756b9ca50a13b4bfce8c9b51da4c64d7686165cade6cbf81","integrity":"sha256-AxaoBEzmyYJ1a5ylChO0v86Mm1HaTGTXaGFlyt5sv4E="},"vfs_fonts-8f2d554ee1ccf0fe24f70ab5ec47bf58a7efe3f42727523bd97c1820a9348192.js":{"logical_path":"vfs_fonts.js","mtime":"2016-04-12T11:29:05+08:00","size":567639,"digest":"8f2d554ee1ccf0fe24f70ab5ec47bf58a7efe3f42727523bd97c1820a9348192","integrity":"sha256-jy1VTuHM8P4k9wq17Ee/WKfv4/QnJ1I72XwYIKk0gZI="},"buttons.html5.min-f1fcd3954514a4f6f03dcadedb9f6f49a207d21302ec218f7d72f1b636f72fee.js":{"logical_path":"buttons.html5.min.js","mtime":"2016-04-12T11:29:05+08:00","size":11327,"digest":"f1fcd3954514a4f6f03dcadedb9f6f49a207d21302ec218f7d72f1b636f72fee","integrity":"sha256-8fzTlUUUpPbwPcre259vSaIH0hMC7CGPfXLxtjb3L+4="},"buttons.print.min-7b4002513f9ddca0a2b9fc542b39bd18a7e364e51785374f89fd87a61094c6f9.js":{"logical_path":"buttons.print.min.js","mtime":"2016-04-12T11:29:05+08:00","size":1682,"digest":"7b4002513f9ddca0a2b9fc542b39bd18a7e364e51785374f89fd87a61094c6f9","integrity":"sha256-e0ACUT+d3KCiufxUKzm9GKfjZOUXhTdPif2HphCUxvk="},"application-63f8ee70e7c9a7e3ddcb0ddd72962f610a0fe1cf507b79e4da12467e8ee4e3c0.js":{"logical_path":"application.js","mtime":"2016-04-12T12:12:16+08:00","size":1948274,"digest":"63f8ee70e7c9a7e3ddcb0ddd72962f610a0fe1cf507b79e4da12467e8ee4e3c0","integrity":"sha256-Y/jucOfJp+Pdyw3dcpYvYQoP4c9Qe3nk2hJGfo7k48A="},"application-267449f4c7cedecfe01cfdba89d632c31a7367838d76c220816a7566bc4a0591.js":{"logical_path":"application.js","mtime":"2016-04-12T13:39:58+08:00","size":1948849,"digest":"267449f4c7cedecfe01cfdba89d632c31a7367838d76c220816a7566bc4a0591","integrity":"sha256-JnRJ9MfO3s/gHP26idYywxpzZ4ONdsIggWp1ZrxKBZE="},"application-76aa431e32aae54f449a886ed87244412d97039dbb56c5f2f46bcef0aaf72304.js":{"logical_path":"application.js","mtime":"2016-04-13T11:45:57+08:00","size":1968547,"digest":"76aa431e32aae54f449a886ed87244412d97039dbb56c5f2f46bcef0aaf72304","integrity":"sha256-dqpDHjKq5U9Emohu2HJEQS2XA527VsXy9GvO8Kr3IwQ="},"application-c91e73a3b01ed71fb1464a837d56acf4c23c81739c193edcdb3d1f0eacfa4c0a.css":{"logical_path":"application.css","mtime":"2016-04-13T11:17:05+08:00","size":624948,"digest":"c91e73a3b01ed71fb1464a837d56acf4c23c81739c193edcdb3d1f0eacfa4c0a","integrity":"sha256-yR5zo7Ae1x+xRkqDfVas9MI8gXOcGT7c2z0fDqz6TAo="},"application-6553147eb9f7295ca65e327c962c4479e28a8c96432135e4b6b4cdb266dc7ff9.js":{"logical_path":"application.js","mtime":"2016-04-13T11:47:30+08:00","size":1968549,"digest":"6553147eb9f7295ca65e327c962c4479e28a8c96432135e4b6b4cdb266dc7ff9","integrity":"sha256-ZVMUfrn3KVymXjJ8lixEeeKKjJZDITXktrTNsmbcf/k="},"application-41e8c627f51bcd0ff807a98293a84714749b361fc3ae778f0bb8510fe82c9c07.js":{"logical_path":"application.js","mtime":"2016-04-13T14:21:07+08:00","size":342859,"digest":"41e8c627f51bcd0ff807a98293a84714749b361fc3ae778f0bb8510fe82c9c07","integrity":"sha256-QejGJ/UbzQ/4B6mCk6hHFHSbNh/DrnePC7hRD+gsnAc="},"application-3e6ba8154b2b9b44600376de71d821bdb1b2df55f3e58ec6c09e216c7f40b0ec.js":{"logical_path":"application.js","mtime":"2016-04-13T14:23:04+08:00","size":1545945,"digest":"3e6ba8154b2b9b44600376de71d821bdb1b2df55f3e58ec6c09e216c7f40b0ec","integrity":"sha256-PmuoFUsrm0RgA3becdghvbGy31Xz5Y7GwJ4hbH9AsOw="},"application-75269c11b8b0ff9cb542c52d45b6b5834ca0e6085a347fb72f155fde2d887553.js":{"logical_path":"application.js","mtime":"2016-04-13T14:23:43+08:00","size":425348,"digest":"75269c11b8b0ff9cb542c52d45b6b5834ca0e6085a347fb72f155fde2d887553","integrity":"sha256-dSacEbiw/5y1QsUtRba1g0yg5ghaNH+3LxVf3i2IdVM="},"application-0ca0cba00966cd819224f69540c55ab9279ea01e80e831930f005abfaa921251.js":{"logical_path":"application.js","mtime":"2016-04-13T14:25:59+08:00","size":253672,"digest":"0ca0cba00966cd819224f69540c55ab9279ea01e80e831930f005abfaa921251","integrity":"sha256-DKDLoAlmzYGSJPaVQMVauSeeoB6A6DGTDwBav6qSElE="},"application-3a0d7427faf457f0b1367b2a6b0f358e9216bc532c4bc02d261a084bd4915810.js":{"logical_path":"application.js","mtime":"2016-04-13T14:26:35+08:00","size":1879362,"digest":"3a0d7427faf457f0b1367b2a6b0f358e9216bc532c4bc02d261a084bd4915810","integrity":"sha256-Og10J/r0V/CxNnsqaw81jpIWvFMsS8AtJhoIS9SRWBA="},"application-74ef3294e71e692f0d197bf8c49671ab3f0784a943ee51d144340f0ad627410b.js":{"logical_path":"application.js","mtime":"2016-04-13T14:27:11+08:00","size":676280,"digest":"74ef3294e71e692f0d197bf8c49671ab3f0784a943ee51d144340f0ad627410b","integrity":"sha256-dO8ylOceaS8NGXv4xJZxqz8HhKlD7lHRRDQPCtYnQQs="},"application-e659b96bbb64a960572b99023900efff3df440a28f0a912d8cff306610da92a3.js":{"logical_path":"application.js","mtime":"2016-04-13T14:28:23+08:00","size":1456758,"digest":"e659b96bbb64a960572b99023900efff3df440a28f0a912d8cff306610da92a3","integrity":"sha256-5lm5a7tkqWBXK5kCOQDv/z30QKKPCpEtjP8wZhDakqM="},"application-d592e7136c79bf807a92723c1b08a92be4067b0e2b1317734ffb9150a4877214.js":{"logical_path":"application.js","mtime":"2016-04-13T14:30:19+08:00","size":1643580,"digest":"d592e7136c79bf807a92723c1b08a92be4067b0e2b1317734ffb9150a4877214","integrity":"sha256-1ZLnE2x5v4B6knI8GwipK+QGew4rExdzT/uRUKSHchQ="},"application-13967570ea92caffef21486a5fea7c81091c5b8fc2c24afd38bacca3949cf11e.js":{"logical_path":"application.js","mtime":"2016-04-13T14:36:11+08:00","size":1879361,"digest":"13967570ea92caffef21486a5fea7c81091c5b8fc2c24afd38bacca3949cf11e","integrity":"sha256-E5Z1cOqSyv/vIUhqX+p8gQkcW4/Cwkr9OLrMo5Sc8R4="},"application-9ff91540dd3e9cff243a8263e9cea88bc5cf0eaf49c21023af946f9e40587ac9.js":{"logical_path":"application.js","mtime":"2016-04-13T14:37:39+08:00","size":1796874,"digest":"9ff91540dd3e9cff243a8263e9cea88bc5cf0eaf49c21023af946f9e40587ac9","integrity":"sha256-n/kVQN0+nP8kOoJj6c6oi8XPDq9JwhAjr5RvnkBYesk="},"application-179dcc6f8d71ea4f5ea520a3ceb66e2e47e2369ff2f680260a1b66639fd177d3.js":{"logical_path":"application.js","mtime":"2016-04-13T14:38:40+08:00","size":284876,"digest":"179dcc6f8d71ea4f5ea520a3ceb66e2e47e2369ff2f680260a1b66639fd177d3","integrity":"sha256-F53Mb41x6k9epSCjzrZuLkfiNp/y9oAmChtmY5/Rd9M="},"application-cedfee09630077b05f85cc4b21210df492a82a059f880ec03a497fccdd0195ac.js":{"logical_path":"application.js","mtime":"2016-04-13T14:39:25+08:00","size":1487962,"digest":"cedfee09630077b05f85cc4b21210df492a82a059f880ec03a497fccdd0195ac","integrity":"sha256-zt/uCWMAd7BfhcxLISEN9JKoKgWfiA7AOkl/zN0Blaw="},"application-7e37114cd4a4ab41cd590f6d40b42804d47097783cce62ff23d0ebaf7eee035a.js":{"logical_path":"application.js","mtime":"2016-04-13T14:40:18+08:00","size":1879362,"digest":"7e37114cd4a4ab41cd590f6d40b42804d47097783cce62ff23d0ebaf7eee035a","integrity":"sha256-fjcRTNSkq0HNWQ9tQLQoBNRwl3g8zmL/I9Drr37uA1o="},"application-bb1fb3b9e47b7fad5fad64e20cb4f2ada2df06bd9d11cb9cc4bafa52d2ce206e.js":{"logical_path":"application.js","mtime":"2016-04-13T14:43:23+08:00","size":1879362,"digest":"bb1fb3b9e47b7fad5fad64e20cb4f2ada2df06bd9d11cb9cc4bafa52d2ce206e","integrity":"sha256-ux+zueR7f61frWTiDLTyraLfBr2dEcucxLr6UtLOIG4="},"application-08241d7ee4a55415921ae697ef1d34a39a07c1fb2841195e5200d8e4612332c3.js":{"logical_path":"application.js","mtime":"2016-04-13T14:44:32+08:00","size":676279,"digest":"08241d7ee4a55415921ae697ef1d34a39a07c1fb2841195e5200d8e4612332c3","integrity":"sha256-CCQdfuSlVBWSGuaX7x00o5oHwfsoQRleUgDY5GEjMsM="},"application-3c835d244c32e23e5086998732a61e8420e9664c425081c5ba04f5119de201da.js":{"logical_path":"application.js","mtime":"2016-04-13T14:47:08+08:00","size":676356,"digest":"3c835d244c32e23e5086998732a61e8420e9664c425081c5ba04f5119de201da","integrity":"sha256-PINdJEwy4j5QhpmHMqYehCDpZkxCUIHFugT1EZ3iAdo="},"application-d72b061fa99c4b6ee68e2cc43307060956b1d2f876f7f35b683112751ccf99e5.js":{"logical_path":"application.js","mtime":"2016-04-13T14:53:12+08:00","size":1879392,"digest":"d72b061fa99c4b6ee68e2cc43307060956b1d2f876f7f35b683112751ccf99e5","integrity":"sha256-1ysGH6mcS27mjizEMwcGCVax0vh29/NbaDESdRzPmeU="},"application-b19c1ec60437f4205f58764c4ccfb689f1325b6c264843672fdc91c025f2f9fa.js":{"logical_path":"application.js","mtime":"2016-04-13T14:53:57+08:00","size":1879359,"digest":"b19c1ec60437f4205f58764c4ccfb689f1325b6c264843672fdc91c025f2f9fa","integrity":"sha256-sZwexgQ39CBfWHZMTM+2ifEyW2wmSENnL9yRwCXy+fo="},"application-f324866f60c516dc5f4e1f8716bc566da67e054ba8f857b874c727925fa4f26a.js":{"logical_path":"application.js","mtime":"2016-04-13T14:57:26+08:00","size":676277,"digest":"f324866f60c516dc5f4e1f8716bc566da67e054ba8f857b874c727925fa4f26a","integrity":"sha256-8ySGb2DFFtxfTh+HFrxWbaZ+BUuo+Fe4dMcnkl+k8mo="},"application-16c8dcc4a905e2020dcdcbfc489e93fc7663d685599157ad4603d29e6f5ae2d9.js":{"logical_path":"application.js","mtime":"2016-04-13T15:05:03+08:00","size":1879360,"digest":"16c8dcc4a905e2020dcdcbfc489e93fc7663d685599157ad4603d29e6f5ae2d9","integrity":"sha256-FsjcxKkF4gINzcv8SJ6T/HZj1oVZkVetRgPSnm9a4tk="},"application-dda0db130b232e3d5b2a5372cb3569329eab6a7b7aa3846eb5a86c1d1bc03149.js":{"logical_path":"application.js","mtime":"2016-04-13T15:17:49+08:00","size":1879318,"digest":"dda0db130b232e3d5b2a5372cb3569329eab6a7b7aa3846eb5a86c1d1bc03149","integrity":"sha256-3aDbEwsjLj1bKlNyyzVpMp6rant6o4RutahsHRvAMUk="},"application-94a1f50aeeecb951c27fcbbec830e845609d9bf95f07b588a22aac5104caa1a7.js":{"logical_path":"application.js","mtime":"2016-04-13T15:25:33+08:00","size":1879317,"digest":"94a1f50aeeecb951c27fcbbec830e845609d9bf95f07b588a22aac5104caa1a7","integrity":"sha256-lKH1Cu7suVHCf8u+yDDoRWCdm/lfB7WIoiqsUQTKoac="},"application-f42854d4983f71936075f39de6242570f02175c7a4b899e0d35ad49a90e84be0.js":{"logical_path":"application.js","mtime":"2016-04-13T15:38:07+08:00","size":1879390,"digest":"f42854d4983f71936075f39de6242570f02175c7a4b899e0d35ad49a90e84be0","integrity":"sha256-9ChU1Jg/cZNgdfOd5iQlcPAhdcekuJng01rUmpDoS+A="},"application-087a8de80087bdb351782998d4740fce80d0341732217e519fd583a5ad91d567.js":{"logical_path":"application.js","mtime":"2016-04-13T15:39:36+08:00","size":1879446,"digest":"087a8de80087bdb351782998d4740fce80d0341732217e519fd583a5ad91d567","integrity":"sha256-CHqN6ACHvbNReCmY1HQPzoDQNBcyIX5Rn9WDpa2R1Wc="},"application-5e668dc8c69a9baa67ea253415a3a2424de9c3df802e24a958791fbcdb97f249.js":{"logical_path":"application.js","mtime":"2016-04-13T15:41:11+08:00","size":1879368,"digest":"5e668dc8c69a9baa67ea253415a3a2424de9c3df802e24a958791fbcdb97f249","integrity":"sha256-XmaNyMaam6pn6iU0FaOiQk3pw9+ALiSpWHkfvNuX8kk="},"application-32289a770da0843f41220f382732e705922c5a045128a8dcf41a20bb12c74582.js":{"logical_path":"application.js","mtime":"2016-04-13T15:42:59+08:00","size":1879389,"digest":"32289a770da0843f41220f382732e705922c5a045128a8dcf41a20bb12c74582","integrity":"sha256-Miiadw2ghD9BIg84JzLnBZIsWgRRKKjc9BoguxLHRYI="},"application-f6fd5d7ef3e080982cf86d05d56d9ffb775ba8a70d0e90e9c162c23d4014898c.js":{"logical_path":"application.js","mtime":"2016-04-13T15:44:01+08:00","size":1879403,"digest":"f6fd5d7ef3e080982cf86d05d56d9ffb775ba8a70d0e90e9c162c23d4014898c","integrity":"sha256-9v1dfvPggJgs+G0F1W2f+3dbqKcNDpDpwWLCPUAUiYw="},"application-d63a6a32432e5c441710e044401bc31fc4aa53a0dd7556b760cb286d59b06eda.js":{"logical_path":"application.js","mtime":"2016-04-13T15:44:45+08:00","size":1879396,"digest":"d63a6a32432e5c441710e044401bc31fc4aa53a0dd7556b760cb286d59b06eda","integrity":"sha256-1jpqMkMuXEQXEOBEQBvDH8SqU6DddVa3YMsobVmwbto="},"application-e10c42205145336769c9f6746e7737e15629ffb1e9ed8d7629b05eaedd82f81c.js":{"logical_path":"application.js","mtime":"2016-04-13T15:45:10+08:00","size":1879409,"digest":"e10c42205145336769c9f6746e7737e15629ffb1e9ed8d7629b05eaedd82f81c","integrity":"sha256-4QxCIFFFM2dpyfZ0bnc34VYp/7Hp7Y12KbBert2C+Bw="},"application-1e22b829b91e5c7bf02642b94698880c51e7473efee72f2653c1803c57f56bd7.js":{"logical_path":"application.js","mtime":"2016-04-13T15:48:07+08:00","size":1879404,"digest":"1e22b829b91e5c7bf02642b94698880c51e7473efee72f2653c1803c57f56bd7","integrity":"sha256-HiK4KbkeXHvwJkK5RpiIDFHnRz7+5y8mU8GAPFf1a9c="},"application-a0cd61ddb27464836bb307a44d3f7421c6e6b840f0c03e9de19b7355be34c42b.js":{"logical_path":"application.js","mtime":"2016-04-13T15:49:53+08:00","size":1879401,"digest":"a0cd61ddb27464836bb307a44d3f7421c6e6b840f0c03e9de19b7355be34c42b","integrity":"sha256-oM1h3bJ0ZINrswekTT90IcbmuEDwwD6d4ZtzVb40xCs="},"application-f016c9cc294188df5b97ac3fc7a27f21c2c80655388cdd29e5225e35830c4b5f.js":{"logical_path":"application.js","mtime":"2016-04-13T15:50:54+08:00","size":1879421,"digest":"f016c9cc294188df5b97ac3fc7a27f21c2c80655388cdd29e5225e35830c4b5f","integrity":"sha256-8BbJzClBiN9bl6w/x6J/IcLIBlU4jN0p5SJeNYMMS18="},"application-ce052c1045fa609be28dc033c693591be5b09104af5b02062fa6f79929f7a657.js":{"logical_path":"application.js","mtime":"2016-04-13T15:52:27+08:00","size":1879447,"digest":"ce052c1045fa609be28dc033c693591be5b09104af5b02062fa6f79929f7a657","integrity":"sha256-zgUsEEX6YJvijcAzxpNZG+WwkQSvWwIGL6b3mSn3plc="},"application-8294a363a54c79b9c38c6ffffc37d4a8c8ba80c6074e7b1176bd22ef77d8f82b.js":{"logical_path":"application.js","mtime":"2016-04-13T15:55:16+08:00","size":1879417,"digest":"8294a363a54c79b9c38c6ffffc37d4a8c8ba80c6074e7b1176bd22ef77d8f82b","integrity":"sha256-gpSjY6VMebnDjG///DfUqMi6gMYHTnsRdr0i73fY+Cs="},"application-449bfcfdf79a3398be1c84af098123cc106d40add45cfec5f755ff56dc906057.js":{"logical_path":"application.js","mtime":"2016-04-13T15:56:02+08:00","size":1879430,"digest":"449bfcfdf79a3398be1c84af098123cc106d40add45cfec5f755ff56dc906057","integrity":"sha256-RJv8/feaM5i+HISvCYEjzBBtQK3UXP7F91X/VtyQYFc="},"application-befeafb0e95b9a8e31a7e01d0ed19558904664acc1c1e7903173bcad004502e9.js":{"logical_path":"application.js","mtime":"2016-04-13T15:56:42+08:00","size":1879438,"digest":"befeafb0e95b9a8e31a7e01d0ed19558904664acc1c1e7903173bcad004502e9","integrity":"sha256-vv6vsOlbmo4xp+AdDtGVWJBGZKzBweeQMXO8rQBFAuk="},"application-5f94b699f72ce6811ada9aaafdf80f681e54b1906fb2a4171fd10de98ac137c7.js":{"logical_path":"application.js","mtime":"2016-04-13T15:59:19+08:00","size":1879435,"digest":"5f94b699f72ce6811ada9aaafdf80f681e54b1906fb2a4171fd10de98ac137c7","integrity":"sha256-X5S2mfcs5oEa2pqq/fgPaB5UsZBvsqQXH9EN6YrBN8c="},"application-1238a4c2a601959acf84621688704bdc103f6b0308d73ad4cdf782a313524baa.js":{"logical_path":"application.js","mtime":"2016-04-13T16:00:55+08:00","size":1879442,"digest":"1238a4c2a601959acf84621688704bdc103f6b0308d73ad4cdf782a313524baa","integrity":"sha256-EjikwqYBlZrPhGIWiHBL3BA/awMI1zrUzfeCoxNSS6o="},"application-3e1d064a832baf9ced9b96ba5a0c557bc6a71ad99da531120de56e84147ae53c.js":{"logical_path":"application.js","mtime":"2016-04-13T16:02:16+08:00","size":1879449,"digest":"3e1d064a832baf9ced9b96ba5a0c557bc6a71ad99da531120de56e84147ae53c","integrity":"sha256-Ph0GSoMrr5ztm5a6WgxVe8anGtmdpTESDeVuhBR65Tw="},"application-d64e84f358952cf14c270abddc3cc59f4156871399efa7e21f6574512f8aab0d.js":{"logical_path":"application.js","mtime":"2016-04-13T16:04:34+08:00","size":1879453,"digest":"d64e84f358952cf14c270abddc3cc59f4156871399efa7e21f6574512f8aab0d","integrity":"sha256-1k6E81iVLPFMJwq93DzFn0FWhxOZ76fiH2V0US+Kqw0="},"application-49fce15b94b9c0297021f83ef9eda05f15186c6afb02cf8f6c7977cc440a7dcf.js":{"logical_path":"application.js","mtime":"2016-04-13T16:05:46+08:00","size":1879451,"digest":"49fce15b94b9c0297021f83ef9eda05f15186c6afb02cf8f6c7977cc440a7dcf","integrity":"sha256-SfzhW5S5wClwIfg++e2gXxUYbGr7As+PbHl3zEQKfc8="},"application-cff36a5567c8a1ec04ca996bb9f6eee69498954492c1153191198e0ee1e0f27c.js":{"logical_path":"application.js","mtime":"2016-04-13T16:07:18+08:00","size":1879500,"digest":"cff36a5567c8a1ec04ca996bb9f6eee69498954492c1153191198e0ee1e0f27c","integrity":"sha256-z/NqVWfIoewEyplrufbu5pSYlUSSwRUxkRmODuHg8nw="},"application-c471841e7d49b2885801157be7a7a237d3f2ebbe771de07c1ef82b7538671a8e.js":{"logical_path":"application.js","mtime":"2016-04-13T16:08:26+08:00","size":1879499,"digest":"c471841e7d49b2885801157be7a7a237d3f2ebbe771de07c1ef82b7538671a8e","integrity":"sha256-xHGEHn1JsohYARV756eiN9Py6753HeB8HvgrdThnGo4="},"application-62e98f9427648f8785204af4760f163e513eb9ce1ed0c4ce52aab6c89ab9e419.js":{"logical_path":"application.js","mtime":"2016-04-13T16:09:10+08:00","size":1879486,"digest":"62e98f9427648f8785204af4760f163e513eb9ce1ed0c4ce52aab6c89ab9e419","integrity":"sha256-YumPlCdkj4eFIEr0dg8WPlE+uc4e0MTOUqq2yJq55Bk="},"application-63a98f67132ddbc749e324aac2d52921a2b4173f688cf1e07c84ad28b4adb899.js":{"logical_path":"application.js","mtime":"2016-04-13T16:11:01+08:00","size":1879527,"digest":"63a98f67132ddbc749e324aac2d52921a2b4173f688cf1e07c84ad28b4adb899","integrity":"sha256-Y6mPZxMt28dJ4ySqwtUpIaK0Fz9ojPHgfIStKLStuJk="},"application-f1c935bf134ab6b069da4a6578fe92adf2b0a1b17f24c76e6a0ac2feb9887f5c.js":{"logical_path":"application.js","mtime":"2016-04-13T16:13:13+08:00","size":1879525,"digest":"f1c935bf134ab6b069da4a6578fe92adf2b0a1b17f24c76e6a0ac2feb9887f5c","integrity":"sha256-8ck1vxNKtrBp2kpleP6SrfKwobF/JMduagrC/rmIf1w="},"application-1a3adb2c3ee70c7551ba7a263924a6466bfddd810fcf5a5bef26ba9d14efeac7.js":{"logical_path":"application.js","mtime":"2016-04-13T16:15:05+08:00","size":1879574,"digest":"1a3adb2c3ee70c7551ba7a263924a6466bfddd810fcf5a5bef26ba9d14efeac7","integrity":"sha256-GjrbLD7nDHVRunomOSSmRmv93YEPz1pb7ya6nRTv6sc="},"application-d915a1708506df098521ca92e07a354ae22dc56bb4166ca7c89f96bf50e1f833.js":{"logical_path":"application.js","mtime":"2016-04-13T16:23:09+08:00","size":1879684,"digest":"d915a1708506df098521ca92e07a354ae22dc56bb4166ca7c89f96bf50e1f833","integrity":"sha256-2RWhcIUG3wmFIcqS4Ho1SuItxWu0FmynyJ+Wv1Dh+DM="},"application-7851efd5fd52b94e82956f3ee8cc6d2afdb107534f90f3e859557d0a895bbd18.js":{"logical_path":"application.js","mtime":"2016-04-13T16:27:49+08:00","size":1879799,"digest":"7851efd5fd52b94e82956f3ee8cc6d2afdb107534f90f3e859557d0a895bbd18","integrity":"sha256-eFHv1f1SuU6ClW8+6MxtKv2xB1NPkPPoWVV9ColbvRg="},"application-95191c518f3a5f56b53588518ab0d7b1956f2943a05d38ef2690e1ab57dd7d21.js":{"logical_path":"application.js","mtime":"2016-04-13T16:28:31+08:00","size":1879799,"digest":"95191c518f3a5f56b53588518ab0d7b1956f2943a05d38ef2690e1ab57dd7d21","integrity":"sha256-lRkcUY86X1a1NYhRirDXsZVvKUOgXTjvJpDhq1fdfSE="},"application-ee5b53963cb0bd2eef93e8da8b73739c86831ad928a0bd87d77a78fffd80a7c9.js":{"logical_path":"application.js","mtime":"2016-04-13T16:30:38+08:00","size":1879567,"digest":"ee5b53963cb0bd2eef93e8da8b73739c86831ad928a0bd87d77a78fffd80a7c9","integrity":"sha256-7ltTljywvS7vk+jai3NznIaDGtkooL2H13p4//2Ap8k="},"application-1aaeb000adddb32641f4945b0953586846e1dbeb70aeec14bce4114e95a864f4.js":{"logical_path":"application.js","mtime":"2016-04-13T16:33:54+08:00","size":1879605,"digest":"1aaeb000adddb32641f4945b0953586846e1dbeb70aeec14bce4114e95a864f4","integrity":"sha256-Gq6wAK3dsyZB9JRbCVNYaEbh2+twruwUvOQRTpWoZPQ="},"application-ecf85b0b4a588ab8a2e33d3900f5c93bd43417bac10b7c65847c34b51e0c69ca.js":{"logical_path":"application.js","mtime":"2016-04-13T16:38:57+08:00","size":676592,"digest":"ecf85b0b4a588ab8a2e33d3900f5c93bd43417bac10b7c65847c34b51e0c69ca","integrity":"sha256-7PhbC0pYirii4z05APXJO9Q0F7rBC3xlhHw0tR4Maco="},"application-eeb1075c1341aa97726f77b48aacfb9ff9e4c95cc6d492444e2a7a6c4e64c149.js":{"logical_path":"application.js","mtime":"2016-04-13T16:40:52+08:00","size":1879635,"digest":"eeb1075c1341aa97726f77b48aacfb9ff9e4c95cc6d492444e2a7a6c4e64c149","integrity":"sha256-7rEHXBNBqpdyb3e0iqz7n/nkyVzG1JJETip6bE5kwUk="},"application-62078f542cff72ef55525d8655de742a653b994705697c87194c4a6ea3b424c8.js":{"logical_path":"application.js","mtime":"2016-04-13T16:41:23+08:00","size":1879632,"digest":"62078f542cff72ef55525d8655de742a653b994705697c87194c4a6ea3b424c8","integrity":"sha256-YgePVCz/cu9VUl2GVd50KmU7mUcFaXyHGUxKbqO0JMg="},"application-8f949367f180d5343e8869d646a1aeaba738ba97fabdf2132695842b59171b81.js":{"logical_path":"application.js","mtime":"2016-04-13T17:12:34+08:00","size":634478,"digest":"8f949367f180d5343e8869d646a1aeaba738ba97fabdf2132695842b59171b81","integrity":"sha256-j5STZ/GA1TQ+iGnWRqGuq6c4upf6vfITJpWEK1kXG4E="},"application-a3eaf8426b0b6dc2b9f40fbcbe93de5441302ffe810cc038296700b4120add9c.js":{"logical_path":"application.js","mtime":"2016-04-13T17:13:59+08:00","size":1837521,"digest":"a3eaf8426b0b6dc2b9f40fbcbe93de5441302ffe810cc038296700b4120add9c","integrity":"sha256-o+r4QmsLbcK59A+8vpPeVEEwL/6BDMA4KWcAtBIK3Zw="},"application-2f78a215e0d8d641b9dd04411d0830767249abe50b3300c2afcb576eed9b7642.js":{"logical_path":"application.js","mtime":"2016-04-13T18:23:31+08:00","size":1837206,"digest":"2f78a215e0d8d641b9dd04411d0830767249abe50b3300c2afcb576eed9b7642","integrity":"sha256-L3iiFeDY1kG53QRBHQgwdnJJq+ULMwDCr8tXbu2bdkI="}},"assets":{"login.css":"login-7d314ff6c65131843f4b8f4e063bd0bfd619c9a978cf18c891f0ea731fff0068.css","adminlte.js":"adminlte-39135c4b4b0efce02b5c7f6a3f011da0e24b85a727f21c82d691c1111a924a4f.js","select2.png":"select2-d6b5d8d83dbc18fb8d77c8761d331cd9e5123c9684950bab0406e98a24ac5ae8.png","select2-spinner.gif":"select2-spinner-f6ecff617ec2ba7f559e6f535cad9b70a3f91120737535dab4d4548a6c83576c.gif","select2x2.png":"select2x2-6fe28d687dc0ed4d96016238c608ba1e7198c9c9accfa0b360b78018b9fb9bc2.png","system/bg.jpg":"system/bg-08d55c50eba3c60d3be1106057d9ef177ac497f054ce36c6e59cb3c059129d74.jpg","user2-160x160.jpg":"user2-160x160-d04d588859e24e73d7f0d2885e60567f21cea56157f92d4f46dc0105d5a23186.jpg","application.js":"application-2f78a215e0d8d641b9dd04411d0830767249abe50b3300c2afcb576eed9b7642.js","application.css":"application-c91e73a3b01ed71fb1464a837d56acf4c23c81739c193edcdb3d1f0eacfa4c0a.css","FontAwesome.otf":"FontAwesome-bdc5d0b9f397be83e886c74b0141d1954aa4384b359dce49829994c4a2e1f7bf.otf","fontawesome-webfont.eot":"fontawesome-webfont-cbb644d0ee730ea57dd5fbae35ef5ba4a41d57a254a6b1215de5c9ff8a321c2d.eot","fontawesome-webfont.svg":"fontawesome-webfont-bfdef833219a6edffd9c3cbc28db72739d22bb4d20cc2e2f8d56a7a4d408a206.svg","fontawesome-webfont.ttf":"fontawesome-webfont-9e540a087924a6e64790149d735cac022640e4fa6bff6bd65f5e9f41529bf0b3.ttf","fontawesome-webfont.woff":"fontawesome-webfont-e3870de89716b72cb61a4bba0e17c75783b361cdaba35ea96961c3070bd8ca18.woff","fontawesome-webfont.woff2":"fontawesome-webfont-aadc3580d2b64ff5a7e6f1425587db4e8b033efcbf8f5c332ca52a5ed580c87c.woff2","bootstrap/glyphicons-halflings-regular.eot":"bootstrap/glyphicons-halflings-regular-13634da87d9e23f8c3ed9108ce1724d183a39ad072e73e1b3d8cbf646d2d0407.eot","bootstrap/glyphicons-halflings-regular.svg":"bootstrap/glyphicons-halflings-regular-42f60659d265c1a3c30f9fa42abcbb56bd4a53af4d83d316d6dd7a36903c43e5.svg","bootstrap/glyphicons-halflings-regular.ttf":"bootstrap/glyphicons-halflings-regular-e395044093757d82afcb138957d06a1ea9361bdcf0b442d06a18a8051af57456.ttf","bootstrap/glyphicons-halflings-regular.woff":"bootstrap/glyphicons-halflings-regular-a26394f7ede100ca118eff2eda08596275a9839b959c226e15439557a5a80742.woff","bootstrap/glyphicons-halflings-regular.woff2":"bootstrap/glyphicons-halflings-regular-fe185d11a49676890d47bb783312a0cda5a44c4039214094e7957b4c040ef11c.woff2","jquery-ui/animated-overlay.gif":"jquery-ui/animated-overlay-c7bcc76fb23c0430b36ec448eb79f8bc34129dae95da10f3c14ed0eacdf2f1b9.gif","jquery-ui/ui-bg_flat_0_aaaaaa_40x100.png":"jquery-ui/ui-bg_flat_0_aaaaaa_40x100-9a8492a580bf85d3e98ae8861fbd45567e5a1f83eeafcf9574da0399d5f602ab.png","jquery-ui/ui-bg_flat_75_ffffff_40x100.png":"jquery-ui/ui-bg_flat_75_ffffff_40x100-39ab7ccd9f4e82579da78a9241265df288d8eb65dbbd7cf48aed2d0129887df5.png","jquery-ui/ui-bg_glass_55_fbf9ee_1x400.png":"jquery-ui/ui-bg_glass_55_fbf9ee_1x400-691597e8a40a891ea94d3589976ecfc33e6145c49422443b00ac2b5a0022964c.png","jquery-ui/ui-bg_glass_65_ffffff_1x400.png":"jquery-ui/ui-bg_glass_65_ffffff_1x400-f0e6cd91b837d5c5644d026e5ffeccd907953317cd5c0f689901733afda260b2.png","jquery-ui/ui-bg_glass_75_dadada_1x400.png":"jquery-ui/ui-bg_glass_75_dadada_1x400-c108f5cbf2dd9ec07a26530695ddd95e1664597ce6c056ae44c162cc2e28cec4.png","jquery-ui/ui-bg_glass_75_e6e6e6_1x400.png":"jquery-ui/ui-bg_glass_75_e6e6e6_1x400-ddf5dd4e0ef2b185e8bb0af7b6e90ebe74a84384cb4700658e76e754c8bfe550.png","jquery-ui/ui-bg_glass_95_fef1ec_1x400.png":"jquery-ui/ui-bg_glass_95_fef1ec_1x400-f6f1c1bedf1a0f37cfef81d12f5f012869d1ee7c984775a569827a1784d34f5c.png","jquery-ui/ui-bg_highlight-soft_75_cccccc_1x100.png":"jquery-ui/ui-bg_highlight-soft_75_cccccc_1x100-54270656df079c4da5182629a080fc633b6f84b87985eb016d25a560e2c38d4a.png","jquery-ui/ui-icons_222222_256x240.png":"jquery-ui/ui-icons_222222_256x240-57adb0d65f4e91dacfee975d9574422bee7486c8a182d60133728c672f2cdbbc.png","jquery-ui/ui-icons_2e83ff_256x240.png":"jquery-ui/ui-icons_2e83ff_256x240-20f8c6667afc48aa433ee9eb6d8a0584bdbd6b4a4a9091ff1e6b3adb31e63bd9.png","jquery-ui/ui-icons_454545_256x240.png":"jquery-ui/ui-icons_454545_256x240-07460e843c3e59aaadbb34231e699e856a2980753c7a47b66447da5d9f93fb7f.png","jquery-ui/ui-icons_888888_256x240.png":"jquery-ui/ui-icons_888888_256x240-ea2e29625de3463465e93b002b065f5833e05b97f7a052b1c141e754d62e1a8b.png","jquery-ui/ui-icons_cd0a0a_256x240.png":"jquery-ui/ui-icons_cd0a0a_256x240-1e32c6dbf5d3fd342f27a78aa881550d6412aa207f48468724a6a15402b6041b.png","bootstrap_custom.css":"bootstrap_custom-281b107613d2cfa5c11736e0856f33e146d0b5667c872a90e11f48ece2147c24.css","bootstrap.js":"bootstrap-6c92f650931beefe48977f272b7015d6b9b45da8b09831ebf88e05193c12d355.js","bootstrap-combobox.css":"bootstrap-combobox-1b680d79f37e2424a578940005071c1863195a3d53bd3ee3c9767b21ad05cdf2.css","bootstrap-combobox.js":"bootstrap-combobox-8678f0ec336d0e457d88a6488373f6f2337f3db8696e62bc8366d872bc1967be.js","jquery_pin.js":"jquery_pin-b1e2a4270a4ffe85c7b9e795a564c8c1d3d51a9b1ddf9e930a291ddb19ebbdde.js","bootstrap-sortable.css":"bootstrap-sortable-ee84c4dc281103d266980c54b20b837a216a52edf5c1ef380e56bd850a0d1b6f.css","bootstrap-sortable.js":"bootstrap-sortable-6b399d2346af5dc77e5da8f9216ba65f26c2caff1f07f86947fb741c5f8fafcb.js","bootstrap-table.css":"bootstrap-table-daa87fc87e79ad1052da0ec9edd8fcf658e026e3b9212b27eb0cfbd0ba77091f.css","bootstrap-table.js":"bootstrap-table-a7669d4da7c5ad66643affe11b3898bb160b75d83767d0dcbf5a6fccd7e35c2e.js","bootstrap-table-export.js":"bootstrap-table-export-7012740e74fec0fe16fd6cf779932195deb0e8b51d3ccb2fb1d7b9847b517efb.js","tableExport.js":"tableExport-9d9e8b9dc05079a262179fe0127fd64a54bc9b24a10a9c7c5917060c7bda0839.js","jquery-base64.js":"jquery-base64-408ee1b31a22bcba49fef8b1ff07aeb4adcad0f6259409104c69ae155a910339.js","bootstrap-table-zh-CN.js":"bootstrap-table-zh-CN-314cd9f87706df16874c75085fa6c4000fe287018e01731255ab414b8d3c0786.js","ladda-themeless.css":"ladda-themeless-ed285c28db48c44b5223ba6cac3cc6b7cc4c2b54391f7d10279437d6e7f47646.css","spin.js":"spin-2343f8d6a442d9741712184888fcb7a07e483fc75aa06c697ebe1c4835e44aad.js","ladda.js":"ladda-ebefae69aee9b6c844fc33f2bf34e66aa758825dc44907711e9d258b91d2d751.js","app.min.js":"app.min-44d381c8726e713873fcc2e1d6fad0b0d21362d7dce4678bcc075f2fa2c89d79.js","jquery.dataTables.min.js":"jquery.dataTables.min-5a8a0eb12479d5050ffe24bdd24c4929a3393f070fcb3d767852ad040aa73723.js","dataTables.fixedColumns.min.js":"dataTables.fixedColumns.min-e20d08080c68ba077446d04879becddc7062c530e6b7bb6c2cd9b2462d2ccb7b.js","dataTables.buttons.min.js":"dataTables.buttons.min-384a67ccf887977cdfed5d969cddcd7bcc408704b52c50081eb276bc2a34404b.js","buttons.flash.min.js":"buttons.flash.min-f87764bbdec7d0448362595e76756709816003582bfd2795f71a668f4121505a.js","jszip.min.js":"jszip.min-f8b9c5100d1d5b6a84317f6f0848fcedbc9dccb44074e7a080c9c76082403bc0.js","pdfmake.min.js":"pdfmake.min-0316a8044ce6c982756b9ca50a13b4bfce8c9b51da4c64d7686165cade6cbf81.js","vfs_fonts.js":"vfs_fonts-8f2d554ee1ccf0fe24f70ab5ec47bf58a7efe3f42727523bd97c1820a9348192.js","buttons.html5.min.js":"buttons.html5.min-f1fcd3954514a4f6f03dcadedb9f6f49a207d21302ec218f7d72f1b636f72fee.js","buttons.print.min.js":"buttons.print.min-7b4002513f9ddca0a2b9fc542b39bd18a7e364e51785374f89fd87a61094c6f9.js"}}